LC,OWNER,Delivery Date,Fuel's Type,Qty Fuel,Jalur,BBM IDR
RDO MANUAL,HCI,4-Jan-2026,Diesel,0,KOTA JAMBI,0
RDO MANUAL,HCI,4-Jan-2026,Bensin,0,KOTA JAMBI,0
RDO MANUAL,HCI,5-Jan-2026,Diesel,0,MUARO JAMBI & BATANGHARI,47.8
RDO MANUAL,HCI,5-Jan-2026,Bensin,0,KOTA JAMBI,0
RDO MANUAL,HCI,6-Jan-2026,Diesel,0,KOTA JAMBI,0
RDO MANUAL,HCI,6-Jan-2026,Bensin,0,KOTA JAMBI,0
RDO MANUAL,HCI,7-Jan-2026,Diesel,0,Kab.sarolangun & Kab.merangin,0
RDO MANUAL,HCI,7-Jan-2026,Bensin,0,KOTA JAMBI,0
RDO MANUAL,HCI,8-Jan-2026,Diesel,0,KOTA JAMBI,0
RDO MANUAL,HCI,8-Jan-2026,Bensin,0,KOTA JAMBI & MUARO  JAMBI,0
RDO MANUAL,HCI,9-Jan-2026,Diesel,0,KOTA JAMBI & MUARO  JAMBI,0
RDO MANUAL,HCI,9-Jan-2026,Bensin,0,KOTA JAMBI,0
RDO MANUAL,HCI,10-Jan-2026,Diesel,0,KOTA JAMBI &  MUARO  JAMBI,0
RDO MANUAL,HCI,10-Jan-2026,Bensin,0,KOTA JAMBI,0
RDO MANUAL,HCI,11-Jan-2026,Diesel,0,KOTA JAMBI & BATANGHARI,0
RDO MANUAL,HCI,11-Jan-2026,Bensin,0,KOTA JAMBI,0
RDO MANUAL,HCI,12-Jan-2026,Diesel,0,KOTA JAMBI & KAB.TANJABTIM,0
RDO MANUAL,HCI,12-Jan-2026,Bensin,0,KOTA JAMBI,0
RDO MANUAL,HCI,13-Jan-2026,Diesel,0,KOTA JAMBI,0
RDO MANUAL,HCI,13-Jan-2026,Bensin,0,KOTA JAMBI,0
RDO MANUAL,HCI,14-Jan-2026,Diesel,0,KOTA JAMBI,51.5
RDO MANUAL,HCI,14-Jan-2026,Bensin,0,KOTA JAMBI,0
RDO MANUAL,HCI,15-Jan-2026,Diesel,0,KOTA JAMBI & BAYUNG LINCIR,31.6
RDO MANUAL,HCI,15-Jan-2026,Bensin,0,KOTA JAMBI,0
RDO MANUAL,HCI,16-Jan-2026,Diesel,0,KOTA JAMBI,0
RDO MANUAL,HCI,16-Jan-2026,Bensin,0,KOTA JAMBI & MUAROJAMBI,0
RDO MANUAL,HCI,17-Jan-2026,Diesel,0,KOTA JAMBI,0
RDO MANUAL,HCI,17-Jan-2026,Bensin,0,KOTA JAMBI &  MUAROJAMBI,0
RDO MANUAL,HCI,18-Jan-2026,Diesel,0,Kab.sarolangun,0
RDO MANUAL,HCI,18-Jan-2026,Bensin,0,kab.sarolangun,0
RDO MANUAL,HCI,19-Jan-2026,Diesel,0,KOTA JAMBI,0
RDO MANUAL,HCI,19-Jan-2026,Bensin,0,KOTA JAMBI,0
RDO MANUAL,HCI,20-Jan-2026,Diesel,0,KOTA JAMBI,0
RDO MANUAL,HCI,20-Jan-2026,Bensin,0,KOTA JAMBI,0
RDO MANUAL,HCI,21-Jan-2026,Diesel,0,KOTA JAMBI,0
RDO MANUAL,HCI,21-Jan-2026,Bensin,0,KOTA JAMBI & MUARO JAMBI,0
RDO MANUAL,HCI,22-Jan-2026,Diesel,0,KOTA JAMBI,0
RDO MANUAL,HCI,22-Jan-2026,Bensin,0,KOTA JAMBI,0
RDO MANUAL,HCI,23-Jan-2026,Diesel,0,KOTA JAMBI & MUARO JAMBI,49.3
RDO MANUAL,HCI,23-Jan-2026,Bensin,0,KOTA JAMBI,0
RDO MANUAL,HCI,24-Jan-2026,Diesel,0,KOTA JAMBI,0
RDO MANUAL,HCI,24-Jan-2026,Bensin,0,KOTA JAMBI & MUARO JAMBI,0
RDO MANUAL,HCI,25-Jan-2026,Diesel,0,KOTA JAMBI & BAYUNG LINCIR,0
RDO MANUAL,HCI,25-Jan-2026,Bensin,0,KOTA JAMBI,0
RDO MANUAL,HCI,26-Jan-2026,Diesel,0,KOTA JAMBI & MUARO JAMBI,0
RDO MANUAL,HCI,27-Jan-2026,Diesel,0,KOTA JAMBI,0
RDO MANUAL,HCI,27-Jan-2026,Bensin,0,KOTA JAMBI,0
RDO MANUAL,HCI,28-Jan-2026,Diesel,0,KAB.TANJAB BARAT,58.5
RDO MANUAL,HCI,28-Jan-2026,Bensin,0,KOTA JAMBI,0
RDO MANUAL,HCI,29-Jan-2026,Diesel,0,KOTA JAMBI,0
RDO MANUAL,HCI,29-Jan-2026,Bensin,0,KOTA JAMBI,0
RDO MANUAL,HCI,30-Jan-2026,Diesel,0,KOTA JAMBI,0
RDO MANUAL,HCI,30-Jan-2026,Bensin,0,KOTA JAMBI & MUARA JAMBI,0
RDO MANUAL,HCI,31-Jan-2026,Diesel,0,KOTA JAMBI,0
RDO MANUAL,HCI,31-Jan-2026,Bensin,0,KOTA JAMBI,0
RDO MANUAL,HCI,1-Feb-2026,Diesel,0,KAB.MUARA BUNGO,0
RDO MANUAL,HCI,1-Feb-2026,Bensin,0,KOTA JAMBI,0
RDO MANUAL,HCI,2-Feb-2026,Diesel,0,KOTA JAMBI,0
RDO MANUAL,HCI,2-Feb-2026,Bensin,0,KOTA JAMBI & KAB.TANJAB BARAT,0
RDO MANUAL,HCI,3-Feb-2026,Diesel,0,KOTA JAMBI,0
RDO MANUAL,HCI,3-Feb-2026,Bensin,0,KOTA JAMBI & MUARA JAMBI,0
RDO MANUAL,HCI,4-Feb-2026,Diesel,0,KOTA JAMBI,0
RDO MANUAL,HCI,4-Feb-2026,Bensin,0,KOTA JAMBI,0
RDO MANUAL,HCI,5-Feb-2026,Diesel,0,KAB SAROLANGUN,0
RDO MANUAL,HCI,5-Feb-2026,Bensin,0,KOTA JAMBI,0
RDO MANUAL,HCI,6-Feb-2026,Diesel,0,KOTA JAMBI,0
RDO MANUAL,HCI,6-Feb-2026,Bensin,0,KOTA JAMBI,0
RDO MANUAL,HCI,7-Feb-2026,Diesel,0,KOTA JAMBI,53.4
RDO MANUAL,HCI,7-Feb-2026,Bensin,0,KOTA JAMBI & MUARA JAMBI,0
RDO MANUAL,HCI,8-Feb-2026,Diesel,0,KOTA JAMBI,0
RDO MANUAL,HCI,8-Feb-2026,Bensin,0,KOTA JAMBI,0
RDO MANUAL,HCI,9-Feb-2026,Diesel,0,KOTA JAMBI,0
RDO MANUAL,HCI,9-Feb-2026,Bensin,0,KOTA JAMBI,0
RDO MANUAL,HCI,10-Feb-2026,Diesel,0,BAYUNG LINCIR,45.3
RDO MANUAL,HCI,10-Feb-2026,Bensin,0,KOTA JAMBI,0
RDO MANUAL,HCI,11-Feb-2026,Diesel,0,KOTA JAMBI,0
RDO MANUAL,HCI,11-Feb-2026,Bensin,0,KOTA JAMBI,0
RDO MANUAL,HCI,12-Feb-2026,Diesel,0,KOTA JAMBI,0
RDO MANUAL,HCI,12-Feb-2026,Bensin,0,KOTA JAMBI,0
RDO MANUAL,HCI,13-Feb-2026,Diesel,0,KOTA JAMBI & MUARA JAMBI,48.8
RDO MANUAL,HCI,13-Feb-2026,Bensin,0,KOTA JAMBI,0
RDO MANUAL,HCI,14-Feb-2026,Diesel,0,KOTA JAMBI & BAYUNG LINCIR,0
RDO MANUAL,HCI,14-Feb-2026,Bensin,0,KOTA JAMBI,0
RDO MANUAL,HCI,15-Feb-2026,Diesel,0,KAB.MUARA BUNGO,0
RDO MANUAL,HCI,15-Feb-2026,Bensin,0,KOTA JAMBI,0
RDO MANUAL,HCI,16-Feb-2026,Diesel,0,KOTA JAMBI,0
RDO MANUAL,HCI,16-Feb-2026,Bensin,0,KOTA JAMBI,0
RDO MANUAL,HCI,17-Feb-2026,Diesel,0,KOTA JAMBI,0
RDO MANUAL,HCI,17-Feb-2026,Bensin,0,KOTA JAMBI & KAB TANJAB BARAT,0
RDO MANUAL,HCI,18-Feb-2026,Diesel,0,KOTA JAMBI & MUARA JAMBI,0
RDO MANUAL,HCI,18-Feb-2026,Bensin,0,KOTA JAMBI,0
RDO MANUAL,HCI,19-Feb-2026,Diesel,0,KOTA JAMBI,0
RDO MANUAL,HCI,19-Feb-2026,Bensin,0,KOTA JAMBI & MUARA JAMBI,0
RDO MANUAL,HCI,20-Feb-2026,Diesel,0,KOTA JAMBI & KAB.BATANGHARI,45.9
RDO MANUAL,HCI,20-Feb-2026,Bensin,0,KOTA JAMBI,0
RDO MANUAL,HCI,21-Feb-2026,Diesel,0,KOTA JAMBI,0
RDO MANUAL,HCI,21-Feb-2026,Bensin,0,KOTA JAMBI,0
RDO MANUAL,HCI,22-Feb-2026,Diesel,0,KOTA JAMBI,51.5
RDO MANUAL,HCI,22-Feb-2026,Bensin,0,KOTA JAMBI,0
RDO MANUAL,HCI,23-Feb-2026,Diesel,0,KAB.TANJUNG JABUNG BARAT,0
RDO MANUAL,HCI,23-Feb-2026,Bensin,0,KOTA JAMBI,0
RDO MANUAL,HCI,24-Feb-2026,Diesel,0,KOTA JAMBI,55.4
RDO MANUAL,HCI,24-Feb-2026,Bensin,0,KOTA JAMBI & MUARA JAMBI,0
RDO MANUAL,HCI,25-Feb-2026,Diesel,0,KOTA JAMBI & MUARA JAMBI,0
RDO MANUAL,HCI,25-Feb-2026,Bensin,0,KOTA JAMBI & MUARA JAMBI,0
RDO MANUAL,HCI,26-Feb-2026,Diesel,0,KOTA JAMBI,0
RDO MANUAL,HCI,26-Feb-2026,Bensin,0,KOTA JAMBI & MUARA JAMBI,0
RDO MANUAL,HCI,27-Feb-2026,Diesel,0,KOTA JAMBI,0
RDO MANUAL,HCI,27-Feb-2026,Bensin,0,KOTA JAMBI,0
RDO MANUAL,HCI,28-Feb-2026,Diesel,0,KOTA JAMBI & MUARA JAMBI,0
RDO MANUAL,HCI,28-Feb-2026,Bensin,0,KOTA JAMBI,0
RDO MANUAL,HCI,1-Mar-2026,Diesel,0,KOTA JAMBI,51.5
RDO MANUAL,HCI,1-Mar-2026,Bensin,0,KOTA JAMBI & MUARA JAMBI,0
RDO MANUAL,HCI,2-Mar-2026,Diesel,0,KOTA JAMBI & BAYUNG LINCIR,0
RDO MANUAL,HCI,2-Mar-2026,Bensin,0,KOTA JAMBI & TANJABTIM,0
RDO MANUAL,HCI,3-Mar-2026,Diesel,0,KOTA JAMBI,0
RDO MANUAL,HCI,3-Mar-2026,Bensin,0,KOTA JAMBI,0
RDO MANUAL,HCI,4-Mar-2026,Diesel,0,KOTA JAMBI,0
RDO MANUAL,HCI,4-Mar-2026,Bensin,0,KOTA JAMBI & MUARA JAMBI,0
RDO MANUAL,HCI,5-Mar-2026,Diesel,0,KAB.MERANGIN,51.5
RDO MANUAL,HCI,5-Mar-2026,Bensin,0,KOTA JAMBI,0
RDO MANUAL,HCI,6-Mar-2026,Diesel,0,KOTA JAMBI,0
RDO MANUAL,HCI,6-Mar-2026,Bensin,0,KOTA JAMBI,0
RDO MANUAL,HCI,7-Mar-2026,Diesel,0,KOTA JAMBI & MUARA JAMBI,0
RDO MANUAL,HCI,7-Mar-2026,Bensin,0,KOTA JAMBI & MUARA JAMBI,0
RDO MANUAL,HCI,8-Mar-2026,Diesel,0,"KOTA JAMBI, MUARA JAMBI,BATANGHARI",0
RDO MANUAL,HCI,8-Mar-2026,Bensin,0,KOTA JAMBI & MUARA JAMBI,0
RDO MANUAL,HCI,9-Mar-2026,Diesel,0,KOTA JAMBI,45.7
RDO MANUAL,HCI,9-Mar-2026,Bensin,0,KOTA JAMBI,0
RDO MANUAL,HCI,10-Mar-2026,Diesel,0,KOTA JAMBI & MUARA JAMBI,0
RDO MANUAL,HCI,10-Mar-2026,Bensin,0,KOTA JAMBI,0
RDO MANUAL,HCI,11-Mar-2026,Diesel,0,KOTA JAMBI,51.0
RDO MANUAL,HCI,11-Mar-2026,Bensin,0,KOTA JAMBI,0
RDO MANUAL,HCI,12-Mar-2026,Diesel,0,KOTA JAMBI,0
RDO MANUAL,HCI,12-Mar-2026,Bensin,0,KOTA JAMBI,0
RDO MANUAL,HCI,13-Mar-2026,Diesel,0,KOTA JAMBI & MUARA JAMBI,0
RDO MANUAL,HCI,13-Mar-2026,Bensin,0,KOTA JAMBI,0
RDO MANUAL,HCI,14-Mar-2026,Diesel,0,KOTA JAMBI,0
RDO MANUAL,HCI,14-Mar-2026,Bensin,0,"KOTA JAMBI,BATANGHARI & MUARA JAMBI",0
RDO MANUAL,HCI,15-Mar-2026,Diesel,0,KOTA JAMBI,0
RDO MANUAL,HCI,15-Mar-2026,Bensin,0,KOTA JAMBI,0
RDO MANUAL,HCI,16-Mar-2026,Diesel,0,KOTA JAMBI,51.5
RDO MANUAL,HCI,16-Mar-2026,Bensin,0,KOTA JAMBI,0
RDO MANUAL,HCI,17-Mar-2026,Diesel,0,KOTA JAMBI,0
RDO MANUAL,HCI,17-Mar-2026,Bensin,0,KOTA JAMBI,0
RDO MANUAL,HCI,18-Mar-2026,Diesel,0,KOTA JAMBI,0
RDO MANUAL,HCI,18-Mar-2026,Bensin,0,KOTA JAMBI,0
RDO MANUAL,HCI,19-Mar-2026,Diesel,0,KOTA JAMBI,0
RDO MANUAL,HCI,19-Mar-2026,Bensin,0,KOTA JAMBI,0
RDO MANUAL,HCI,20-Mar-2026,Diesel,0,KOTA JAMBI,50.0
RDO MANUAL,HCI,20-Mar-2026,Bensin,0,KOTA JAMBI,0
RDO MANUAL,HCI,28-Mar-2026,Diesel,0,KOTA JAMBI,52.2
RDO MANUAL,HCI,28-Mar-2026,Bensin,0,KOTA JAMBI,0
RDO MANUAL,HCI,29-Mar-2026,Diesel,0,KOTA JAMBI,0
RDO MANUAL,HCI,29-Mar-2026,Bensin,0,KOTA JAMBI,0
RDO MANUAL,HCI,30-Mar-2026,Diesel,0,"KOTA JAMBI, TANJUNG JABUNG TIMUR",0
RDO MANUAL,HCI,30-Mar-2026,Bensin,0,KOTA JAMBI,0
RDO MANUAL,HCI,31-Mar-2026,Diesel,0,KOTA JAMBI.MUARA JAMBI,0
RDO MANUAL,HCI,31-Mar-2026,Bensin,0,KOTA JAMBI,0
RDO MANUAL,HCI,1-Apr-2026,Diesel,0,KOTA JAMBI.BATANGHARI,0
RDO MANUAL,HCI,1-Apr-2026,Bensin,0,KOTA JAMBI,0
RDO MANUAL,HCI,2-Apr-2026,Diesel,0,KOTA JAMBI,0
RDO MANUAL,HCI,2-Apr-2026,Bensin,0,KOTA JAMBI,0
RDO MANUAL,HCI,3-Apr-2026,Diesel,0,KOTA JAMBI,0
RDO MANUAL,HCI,3-Apr-2026,Bensin,0,KOTA JAMBI,0
RDO MANUAL,HCI,4-Apr-2026,Diesel,0,KOTA JAMBI,0
RDO MANUAL,HCI,4-Apr-2026,Bensin,0,KOTA JAMBI,0
RDO MANUAL,HCI,5-Apr-2026,Diesel,0,KOTA JAMBI,0
RDO MANUAL,HCI,5-Apr-2026,Bensin,0,KOTA JAMBI,0
RDO MANUAL,HCI,6-Apr-2026,Diesel,0,"KOTA JAMBI,BATANGHARI",0
RDO MANUAL,HCI,6-Apr-2026,Bensin,0,KOTA JAMBI,0
RDO MANUAL,HCI,7-Apr-2026,Diesel,0,KOTA JAMBI,0
RDO MANUAL,HCI,7-Apr-2026,Bensin,0,KOTA JAMBI,0
RDO MANUAL,HCI,8-Apr-2026,Diesel,0,KOTA JAMBI,0
RDO MANUAL,HCI,8-Apr-2026,Bensin,0,KOTA JAMBI,0
RDO MANUAL,HCI,9-Apr-2026,Diesel,0,KOTA JAMBI,0
RDO MANUAL,HCI,9-Apr-2026,Bensin,0,KAB. TANJUNG JABUNG BARAT ,0
RDO MANUAL,HCI,10-Apr-2026,Diesel,0,KOTA JAMBI,0
RDO MANUAL,HCI,10-Apr-2026,Bensin,0,"KOTA JAMBI,MUARA JAMBI",0
RDO MANUAL,HCI,11-Apr-2026,Diesel,0,KOTA JAMBI,0
RDO MANUAL,HCI,11-Apr-2026,Bensin,0,KOTA JAMBI,0
RDO MANUAL,HCI,12-Apr-2026,Diesel,0,KOTA JAMBI,0
RDO MANUAL,HCI,12-Apr-2026,Bensin,0,KOTA JAMBI,0
RDO MANUAL,HCI,13-Apr-2026,Diesel,0,KOTA JAMBI,0
RDO MANUAL,HCI,13-Apr-2026,Bensin,0,KOTA JAMBI,0
RDO MANUAL,HCI,14-Apr-2026,Diesel,0,KOTA JAMBI,0
RDO MANUAL,HCI,14-Apr-2026,Bensin,0,KOTA JAMBI,0
RDO MANUAL,HCI,15-Apr-2026,Diesel,0,"KOTA JAMBI,MUARA JAMBI",0
RDO MANUAL,HCI,15-Apr-2026,Bensin,0,KOTA JAMBI,0
RDO MANUAL,HCI,16-Apr-2026,Diesel,0,KOTA JAMBI,0
RDO MANUAL,HCI,16-Apr-2026,Bensin,0,KOTA JAMBI,0
RDO MANUAL,HCI,17-Apr-2026,Diesel,0,KOTA JAMBI,0
RDO MANUAL,HCI,17-Apr-2026,Bensin,0,KOTA JAMBI,0
RDO MANUAL,HCI,18-Apr-2026,Diesel,0,KOTA JAMBI,0
RDO MANUAL,HCI,18-Apr-2026,Bensin,0,KOTA JAMBI,0
RDO MANUAL,HCI,19-Apr-2026,Diesel,0,KOTA JAMBI,0
RDO MANUAL,HCI,19-Apr-2026,Bensin,0,KOTA JAMBI,0
RDO MANUAL,HCI,20-Apr-2026,Diesel,0,KOTA JAMBI,0
RDO MANUAL,HCI,20-Apr-2026,Bensin,0,KOTA JAMBI,0
RDO MANUAL,HCI,21-Apr-2026,Diesel,0,KOTA JAMBI,0
RDO MANUAL,HCI,21-Apr-2026,Bensin,0,KOTA JAMBI,0
RDO MANUAL,HCI,22-Apr-2026,Diesel,0,KOTA JAMBI,0
RDO MANUAL,HCI,22-Apr-2026,Bensin,0,KOTA JAMBI,0
RDO MANUAL,HCI,23-Apr-2026,Diesel,0,KOTA JAMBI,0
RDO MANUAL,HCI,23-Apr-2026,Bensin,0,KOTA JAMBI,0
RDO MANUAL,HCI,24-Apr-2026,Diesel,0,KOTA JAMBI,0
RDO MANUAL,HCI,24-Apr-2026,Bensin,0,KOTA JAMBI,0
RDO MANUAL,HCI,25-Apr-2026,Diesel,0,KOTA JAMBI,0
RDO MANUAL,HCI,25-Apr-2026,Bensin,0,KOTA JAMBI,0
RDO MANUAL,HCI,26-Apr-2026,Diesel,0,KOTA JAMBI,0
RDO MANUAL,HCI,26-Apr-2026,Bensin,0,KOTA JAMBI,0
RDO MANUAL,HCI,27-Apr-2026,Diesel,0,KOTA JAMBI,0
RDO MANUAL,HCI,27-Apr-2026,Bensin,0,KOTA JAMBI,0
RDO MANUAL,HCI,28-Apr-2026,Diesel,0,KOTA JAMBI,0
RDO MANUAL,HCI,28-Apr-2026,Bensin,0,KOTA JAMBI,0
RDO MANUAL,HCI,29-Apr-2026,Diesel,0,KOTA JAMBI,0
RDO MANUAL,HCI,29-Apr-2026,Bensin,0,KOTA JAMBI,0
RDO MANUAL,HCI,30-Apr-2026,Diesel,0,KOTA JAMBI,0
RDO MANUAL,HCI,30-Apr-2026,Bensin,0,KOTA JAMBI,0
RDO MANUAL,HCI,2-May-2026,Diesel,0,KOTA JAMBI,0
RDO MANUAL,HCI,2-May-2026,Bensin,0,KOTA JAMBI,0
RDO MANUAL,HCI,3-May-2026,Diesel,0,KOTA JAMBI,0
RDO MANUAL,HCI,3-May-2026,Bensin,0,KOTA JAMBI,0
RDO MANUAL,HCI,4-May-2026,Diesel,0,KOTA JAMBI,0
RDO MANUAL,HCI,4-May-2026,Bensin,0,"KOTA JAMBI,MUARA JAMBI",0
RDO MANUAL,HCI,5-May-2026,Diesel,0,KOTA JAMBI,0
RDO MANUAL,HCI,5-May-2026,Bensin,0,KOTA JAMBI,0
RDO MANUAL,HCI,6-May-2026,Diesel,0,KOTA JAMBI,0
RDO MANUAL,HCI,6-May-2026,Bensin,0,KOTA JAMBI,0
RDO MANUAL,HCI,7-May-2026,Diesel,0,KOTA JAMBI,0
RDO MANUAL,HCI,7-May-2026,Bensin,0,"KOTA JAMBI,MUARA JAMBI",0
RDO MANUAL,HCI,8-May-2026,Diesel,0,"MUARA JAMBI,BATANGHARI",0
RDO MANUAL,HCI,8-May-2026,Bensin,0,KOTA JAMBI,0
RDO MANUAL,HCI,9-May-2026,Diesel,0,KOTA JAMBI,0
RDO MANUAL,HCI,9-May-2026,Bensin,0,BETUNG/BANYUASIN,0
RDO MANUAL,HCI,10-May-2026,Diesel,0,KOTA JAMBI,0
RDO MANUAL,HCI,10-May-2026,Bensin,0,KOTA JAMBI,0
RDO MANUAL,HCI,11-May-2026,Diesel,0,KOTA JAMBI,0
RDO MANUAL,HCI,11-May-2026,Bensin,0,KOTA JAMBI,0
RDO MANUAL,HCI,12-May-2026,Diesel,0,KOTA JAMBI,0
RDO MANUAL,HCI,12-May-2026,Bensin,0,KOTA JAMBI,0
RDO MANUAL,HCI,13-May-2026,Diesel,0,KOTA JAMBI,0
RDO MANUAL,HCI,13-May-2026,Bensin,0,KOTA JAMBI,0
RDO MANUAL,HCI,14-May-2026,Diesel,0,KOTA JAMBI,0
RDO MANUAL,HCI,14-May-2026,Bensin,0,KOTA JAMBI,0
RDO MANUAL,HCI,15-May-2026,Diesel,0,KOTA JAMBI,0
RDO MANUAL,HCI,15-May-2026,Bensin,0,KOTA JAMBI,0
RDO MANUAL,HCI,16-May-2026,Diesel,0,KOTA JAMBI,0
RDO MANUAL,HCI,16-May-2026,Bensin,0,KOTA JAMBI,0
RDO MANUAL,HCI,17-May-2026,Diesel,0,KOTA JAMBI,0
RDO MANUAL,HCI,17-May-2026,Bensin,0,KOTA JAMBI,0
RDO MANUAL,HCI,18-May-2026,Diesel,0,KOTA JAMBI,0
RDO MANUAL,HCI,18-May-2026,Bensin,0,BATANGHARI & BUNGO,0
RDO MANUAL,HCI,19-May-2026,Diesel,0,KOTA JAMBI & MUARA JAMBI,0
RDO MANUAL,HCI,19-May-2026,Bensin,0,KOTA JAMBI,0
RDO MANUAL,HCI,20-May-2026,Diesel,0,KOTA JAMBI,0
RDO MANUAL,HCI,20-May-2026,Bensin,0,KOTA JAMBI,0
RDO MANUAL,HCI,21-May-2026,Diesel,0,KOTA JAMBI,0
RDO MANUAL,HCI,21-May-2026,Bensin,0,KOTA JAMBI,0
RDO MANUAL,HCI,22-May-2026,Diesel,0,KOTA JAMBI,0
RDO MANUAL,HCI,22-May-2026,Bensin,0,KOTA JAMBI,0
RDO MANUAL,HCI,23-May-2026,Diesel,0,KOTA JAMBI,0
RDO MANUAL,HCI,23-May-2026,Bensin,0,KOTA JAMBI,0
RDO MANUAL,HCI,24-May-2026,Diesel,0,KOTA JAMBI,0
RDO MANUAL,HCI,24-May-2026,Bensin,0,KOTA JAMBI,0
RDO MANUAL,HCI,25-May-2026,Diesel,0,KOTA JAMBI,0
RDO MANUAL,HCI,25-May-2026,Bensin,0,KOTA JAMBI,0
RDO MANUAL,HCI,26-May-2026,Diesel,0,KOTA JAMBI,0
RDO MANUAL,HCI,26-May-2026,Bensin,0,MUARO BUNGO,0
RDO MANUAL,HCI,27-May-2026,Diesel,0,KOTA JAMBI,0
RDO MANUAL,HCI,27-May-2026,Bensin,0,MUARO BUNGO,0
RDO MANUAL,HCI,28-May-2026,Diesel,0,KOTA JAMBI,0
RDO MANUAL,HCI,28-May-2026,Bensin,0,KOTA JAMBI,0
RDO MANUAL,HCI,29-May-2026,Diesel,0,KOTA JAMBI,0
RDO MANUAL,HCI,29-May-2026,Bensin,0,KOTA JAMBI,0
RDO MANUAL,HCI,30-May-2026,Diesel,0,KOTA JAMBI,0
RDO MANUAL,HCI,30-May-2026,Bensin,0,KOTA JAMBI,0
RDO MANUAL,HCI,31-May-2026,Diesel,0,KOTA JAMBI,0
RDO MANUAL,HCI,31-May-2026,Bensin,0,KOTA JAMBI,0
RDO MANUAL,HCI,1-Jun-2026,Diesel,0,KOTA JAMBI,0
RDO MANUAL,HCI,1-Jun-2026,Bensin,0,KOTA JAMBI,0
RDO MANUAL,HCI,2-Jun-2026,Diesel,0,KOTA JAMBI,0
RDO MANUAL,HCI,2-Jun-2026,Bensin,0,KOTA JAMBI,0
RDO MANUAL,HCI,3-Jun-2026,Diesel,0,KOTA JAMBI,0
RDO MANUAL,HCI,3-Jun-2026,Bensin,0,KOTA JAMBI,0
RDO MANUAL,HCI,4-Jun-2026,Diesel,0,KOTA JAMBI,0
RDO MANUAL,HCI,4-Jun-2026,Bensin,0,KOTA JAMBI & MUARA JAMBI,0
RDO MANUAL,HCI,5-Jun-2026,Diesel,0,KOTA JAMBI,0
RDO MANUAL,HCI,5-Jun-2026,Bensin,0,KOTA JAMBI & MUARA JAMBI,0
RDO MANUAL,HCI,6-Jun-2026,Diesel,0,KOTA JAMBI,0
RDO MANUAL,HCI,6-Jun-2026,Bensin,0,KOTA JAMBI,0
RDO MANUAL,HCI,7-Jun-2026,Diesel,0,KOTA JAMBI,0
RDO MANUAL,HCI,7-Jun-2026,Bensin,0,BUNGO,0
RDO MANUAL,HCI,8-Jun-2026,Diesel,0,KOTA JAMBI,0
RDO MANUAL,HCI,8-Jun-2026,Bensin,0,KOTA JAMBI,0
RDO MANUAL,HCI,9-Jun-2026,Diesel,0,KOTA JAMBI,0
RDO MANUAL,HCI,9-Jun-2026,Bensin,0,KOTA JAMBI,0
RDO MANUAL,HCI,10-Jun-2026,Diesel,0,KOTA JAMBI,0
RDO MANUAL,HCI,10-Jun-2026,Bensin,0,KOTA JAMBI,0
RDO MANUAL,HCI,11-Jun-2026,Diesel,0,KOTA JAMBI,0
RDO MANUAL,HCI,11-Jun-2026,Bensin,0,KOTA JAMBI,0
RDO MANUAL,HCI,12-Jun-2026,Diesel,0,KOTA JAMBI,0
RDO MANUAL,HCI,12-Jun-2026,Bensin,0,KOTA JAMBI,0
RDO MANUAL,HCI,13-Jun-2026,Diesel,0,KOTA JAMBI,0
RDO MANUAL,HCI,13-Jun-2026,Bensin,0,KOTA JAMBI,0
RDO MANUAL,HCI,14-Jun-2026,Diesel,0,KOTA JAMBI,0
RDO MANUAL,HCI,14-Jun-2026,Bensin,0,KOTA JAMBI,0
RDO MANUAL,HCI,15-Jun-2026,Diesel,0,KOTA JAMBI,0
RDO MANUAL,HCI,15-Jun-2026,Bensin,0,KOTA JAMBI,0
RDO MANUAL,HCI,16-Jun-2026,Diesel,0,KOTA JAMBI,0
RDO MANUAL,HCI,16-Jun-2026,Bensin,0,KOTA JAMBI,0
RDO MANUAL,HCI,17-Jun-2026,Diesel,0,KOTA JAMBI,0
RDO MANUAL,HCI,17-Jun-2026,Bensin,0,KOTA JAMBI,0
RDO MANUAL,HCI,18-Jun-2026,Diesel,0,KOTA JAMBI,0
RDO MANUAL,HCI,18-Jun-2026,Bensin,0,KOTA JAMBI,0
RDO MANUAL,HCI,19-Jun-2026,Diesel,0,KOTA JAMBI,0
RDO MANUAL,HCI,19-Jun-2026,Bensin,0,KOTA JAMBI,0
RDO MANUAL,HCI,20-Jun-2026,Diesel,0,KOTA JAMBI,0
RDO MANUAL,HCI,20-Jun-2026,Bensin,0,KOTA JAMBI,0
RDO MANUAL,HCI,21-Jun-2026,Diesel,0,KOTA JAMBI,0
RDO MANUAL,HCI,21-Jun-2026,Bensin,0,KOTA JAMBI,0
RDO MANUAL,HCI,22-Jun-2026,Diesel,0,MUARA BULIAN,0
RDO MANUAL,HCI,22-Jun-2026,Bensin,0,KOTA JAMBI,0
RDO MANUAL,HCI,23-Jun-2026,Diesel,0,KOTA JAMBI & MUARA BULIAN,0
RDO MANUAL,HCI,23-Jun-2026,Bensin,0,KOTA JAMBI,0
RDO MANUAL,HCI,24-Jun-2026,Diesel,0,SAROLANGUN,0
RDO MANUAL,HCI,24-Jun-2026,Bensin,0,KOTA JAMBI,0
RDO MANUAL,HCI,25-Jun-2026,Diesel,0,TANJUNG JABUNG TIMUR,0
RDO MANUAL,HCI,25-Jun-2026,Bensin,0,KOTA JAMBI,0
RDO MANUAL,HCI,26-Jun-2026,Diesel,0,KOTA JAMBI,0
RDO MANUAL,HCI,26-Jun-2026,Bensin,0,KOTA JAMBI,0
RDO MANUAL,HCI,27-Jun-2026,Diesel,0,KOTA JAMBI,0
RDO MANUAL,HCI,27-Jun-2026,Bensin,0,KOTA JAMBI,0
RDO MANUAL,HCI,28-Jun-2026,Diesel,0,KOTA JAMBI,0
RDO MANUAL,HCI,28-Jun-2026,Bensin,0,KOTA JAMBI,0
RDO MANUAL,HCI,29-Jun-2026,Diesel,0,KOTA JAMBI,0
RDO MANUAL,HCI,29-Jun-2026,Bensin,0,KOTA JAMBI,0
RDO MANUAL,HCI,30-Jun-2026,Diesel,0,KOTA JAMBI,0
RDO MANUAL,HCI,30-Jun-2026,Bensin,0,KOTA JAMBI,0
RDO MANUAL,HCI,1-Jul-2026,Diesel,0,BUNGO,0
RDO MANUAL,HCI,1-Jul-2026,Bensin,0,KOTA JAMBI,0
RDO MANUAL,HCI,2-Jul-2026,Diesel,0,SAROLANGUN,0
RDO MANUAL,HCI,2-Jul-2026,Bensin,0,SAROLANGUN,0
RDO MANUAL,HCI,3-Jul-2026,Diesel,0,KOTA JAMBI,0
RDO MANUAL,HCI,3-Jul-2026,Bensin,0,KOTA JAMBI,0
RDO MANUAL,HCI,4-Jul-2026,Diesel,0,KOTA JAMBI,0
RDO MANUAL,HCI,4-Jul-2026,Bensin,0,KOTA JAMBI,0
RDO MANUAL,HCI,5-Jul-2026,Diesel,0,KOTA JAMBI,0
RDO MANUAL,HCI,5-Jul-2026,Bensin,0,KOTA JAMBI,0
RDO MANUAL,HCI,6-Jul-2026,Diesel,0,KOTA JAMBI,0
RDO MANUAL,HCI,6-Jul-2026,Bensin,0,KOTA JAMBI,0
RDO MANUAL,HCI,7-Jul-2026,Diesel,0,KOTA JAMBI,0
RDO MANUAL,HCI,7-Jul-2026,Bensin,0,KOTA JAMBI,0
RDO MANUAL,HCI,8-Jul-2026,Diesel,0,KOTA JAMBI,0
RDO MANUAL,HCI,8-Jul-2026,Bensin,0,KOTA JAMBI,0
RDO MANUAL,HCI,9-Jul-2026,Diesel,0,KOTA JAMBI,0
RDO MANUAL,HCI,9-Jul-2026,Bensin,0,KOTA JAMBI,0
RDO MANUAL,HCI,10-Jul-2026,Diesel,0,KOTA JAMBI,0
RDO MANUAL,HCI,10-Jul-2026,Bensin,0,KOTA JAMBI,0
RDO MANUAL,HCI,11-Jul-2026,Diesel,0,KOTA JAMBI,0
RDO MANUAL,HCI,11-Jul-2026,Bensin,0,KOTA JAMBI,0
RDO MANUAL,HCI,12-Jul-2026,Diesel,0,KOTA JAMBI,0
RDO MANUAL,HCI,12-Jul-2026,Bensin,0,KOTA JAMBI,0
RDO MANUAL,HCI,13-Jul-2026,Diesel,0,SAROLANGUN,0
RDO MANUAL,HCI,13-Jul-2026,Bensin,0,KOTA JAMBI,0
RDO MANUAL,HCI,14-Jul-2026,Diesel,0,KOTA JAMBI,0
RDO MANUAL,HCI,14-Jul-2026,Bensin,0,KOTA JAMBI,0
RDO MANUAL,HCI,15-Jul-2026,Diesel,0,KOTA JAMBI,0
RDO MANUAL,HCI,15-Jul-2026,Bensin,0,KOTA JAMBI,0
RDO MANUAL,HCI,16-Jul-2026,Diesel,0,KOTA JAMBI,0
RDO MANUAL,HCI,16-Jul-2026,Bensin,0,KOTA JAMBI,0
RDO MANUAL,HCI,17-Jul-2026,Diesel,0,PERBAIKAN BOX,0
RDO MANUAL,HCI,17-Jul-2026,Bensin,0,KOTA JAMBI,0
RDO MANUAL,HCI,18-Jul-2026,Diesel,0,PERBAIKAN BOX,0
RDO MANUAL,HCI,18-Jul-2026,Bensin,0,KOTA JAMBI,0
RDO MANUAL,HCI,19-Jul-2026,Diesel,0,PERBAIKAN BOX,0
RDO MANUAL,HCI,19-Jul-2026,Bensin,0,KOTA JAMBI,0
RDO MANUAL,HCI,20-Jul-2026,Bensin,0,KOTA JAMBI,0
RDO MANUAL,HCI,20-Jul-2026,Bensin,0,KOTA JAMBI,0
RDO MANUAL,HCI,21-Jul-2026,Bensin,0,KOTA JAMBI,0
RDO MANUAL,HCI,21-Jul-2026,Bensin,0,KOTA JAMBI,0
RDO MANUAL,HCI,22-Jul-2026,Bensin,0,KOTA JAMBI,0
RDO MANUAL,HCI,22-Jul-2026,Bensin,0,KOTA JAMBI,0
RDO MANUAL,HCI,23-Jul-2026,Bensin,0,KOTA JAMBI,0
RDO MANUAL,HCI,24-Jul-2026,Bensin,0,KOTA JAMBI,0
RDO MANUAL,HCI,24-Jul-2026,Bensin,0,KOTA JAMBI,0
RDO MANUAL,HCI,25-Jul-2026,Bensin,0,KOTA JAMBI,0
RDO MANUAL,HCI,25-Jul-2026,Bensin,0,KOTA JAMBI,0
RDO MANUAL,HCI,26-Jul-2026,Bensin,0,BUNGO,0
RDO MANUAL,HCI,27-Jul-2026,Bensin,0,BUNGO,0
RDO MANUAL,HCI,27-Jul-2026,Bensin,0,KOTA JAMBI,0
RDO MANUAL,HCI,28-Jul-2026,Bensin,0,KOTA JAMBI,0
RDO MANUAL,HCI,29-Jul-2026,Bensin,0,KOTA JAMBI,0
RDO MANUAL,HCI,30-Jul-2026,Diesel,0,KOTA JAMBI,0
RDO MANUAL,HCI,30-Jul-2026,Bensin,0,KOTA JAMBI,0
RDO MANUAL,HCI,31-Jul-2026,Diesel,0,KOTA JAMBI,0
RDO MANUAL,HCI,31-Jul-2026,Bensin,0,KOTA JAMBI,0
RDO MANUAL,HCI,1-Aug-2026,Diesel,0,KOTA JAMBI,0
RDO MANUAL,HCI,1-Aug-2026,Bensin,0,KOTA JAMBI,0
RDO MANUAL,HCI,2-Aug-2026,Diesel,0,KOTA JAMBI,0
RDO MANUAL,HCI,2-Aug-2026,Bensin,0,KOTA JAMBI,0
RDO MANUAL,HCI,3-Aug-2026,Diesel,0,BANGKO,0
RDO MANUAL,HCI,3-Aug-2026,Bensin,0,KOTA JAMBI,0
RDO MANUAL,HCI,4-Aug-2026,Diesel,0,KOTA JAMBI,0
RDO MANUAL,HCI,4-Aug-2026,Bensin,0,KOTA JAMBI,0
RDO MANUAL,HCI,5-Aug-2026,Diesel,0,KOTA JAMBI,
RDO MANUAL,HCI,5-Aug-2026,Bensin,0,KOTA JAMBI,0
RDO MANUAL,HCI,6-Aug-2026,Diesel,0,KOTA JAMBI,0
RDO MANUAL,HCI,6-Aug-2026,Bensin,0,KOTA JAMBI,0
RDO MANUAL,HCI,7-Aug-2026,Diesel,0,BAYUNG LINCIR,0
RDO MANUAL,HCI,7-Aug-2026,Bensin,0,KOTA JAMBI,0
RDO MANUAL,HCI,8-Aug-2026,Diesel,0,KOTA JAMBI,0
RDO MANUAL,HCI,8-Aug-2026,Bensin,0,KOTA JAMBI,0
RDO MANUAL,HCI,9-Aug-2026,Diesel,0,KOTA JAMBI,0
RDO MANUAL,HCI,9-Aug-2026,Bensin,0,KOTA JAMBI,0
RDO MANUAL,HCI,10-Aug-2026,Diesel,0,KOTA JAMBI,0
RDO MANUAL,HCI,10-Aug-2026,Bensin,0,KOTA JAMBI,0
RDO MANUAL,HCI,11-Aug-2026,Diesel,0,KOTA JAMBI,0
RDO MANUAL,HCI,11-Aug-2026,Bensin,0,KOTA JAMBI,0
RDO MANUAL,HCI,12-Aug-2026,Diesel,0,KOTA JAMBI,0
RDO MANUAL,HCI,12-Aug-2026,Bensin,0,KOTA JAMBI,0
RDO MANUAL,HCI,13-Aug-2026,Diesel,0,KOTA JAMBI,0
RDO MANUAL,HCI,13-Aug-2026,Bensin,0,KOTA JAMBI,0
RDO MANUAL,HCI,14-Aug-2026,Diesel,0,KOTA JAMBI,0
RDO MANUAL,HCI,14-Aug-2026,Bensin,0,KOTA JAMBI,0
RDO MANUAL,HCI,15-Aug-2026,Diesel,0,KOTA JAMBI,0
RDO MANUAL,HCI,15-Aug-2026,Bensin,0,KOTA JAMBI,0
RDO MANUAL,HCI,16-Aug-2026,Diesel,0,KOTA JAMBI,0
RDO MANUAL,HCI,16-Aug-2026,Bensin,0,KOTA JAMBI,0
RDO MANUAL,HCI,17-Aug-2026,Diesel,0,KOTA JAMBI,0
RDO MANUAL,HCI,17-Aug-2026,Bensin,0,KOTA JAMBI,0
RDO MANUAL,HCI,18-Aug-2026,Diesel,0,KOTA JAMBI,0
RDO MANUAL,HCI,18-Aug-2026,Bensin,0,BAYUNG LINCIR,0
RDO MANUAL,HCI,19-Aug-2026,Diesel,0,KOTA JAMBI,0
RDO MANUAL,HCI,19-Aug-2026,Bensin,0,KOTA JAMBI,0
RDO MANUAL,HCI,20-Aug-2026,Diesel,0,BUNGO,0
RDO MANUAL,HCI,20-Aug-2026,Bensin,0,KOTA JAMBI,0
RDO MANUAL,HCI,21-Aug-2026,Diesel,0,KOTA JAMBI,0
RDO MANUAL,HCI,21-Aug-2026,Bensin,0,KOTA JAMBI,0
RDO MANUAL,HCI,22-Aug-2026,Diesel,0,KOTA JAMBI,0
RDO MANUAL,HCI,22-Aug-2026,Bensin,0,KOTA JAMBI,0
RDO MANUAL,HCI,23-Aug-2026,Diesel,0,KOTA JAMBI,0
RDO MANUAL,HCI,23-Aug-2026,Bensin,0,KOTA JAMBI,0
RDO MANUAL,HCI,24-Aug-2026,Diesel,0,KOTA JAMBI,0
RDO MANUAL,HCI,24-Aug-2026,Bensin,0,KOTA JAMBI,0
RDO MANUAL,HCI,25-Aug-2026,Diesel,0,KOTA JAMBI,0
RDO MANUAL,HCI,25-Aug-2026,Bensin,0,KOTA JAMBI,0
RDO MANUAL,HCI,26-Aug-2026,Diesel,0,KOTA JAMBI,0
RDO MANUAL,HCI,26-Aug-2026,Bensin,0,KOTA JAMBI,0
RDO MANUAL,HCI,27-Aug-2026,Diesel,0,KOTA JAMBI,0
RDO MANUAL,HCI,27-Aug-2026,Bensin,0,KOTA JAMBI,0
RDO MANUAL,HCI,28-Aug-2026,Diesel,0,KOTA JAMBI,0
RDO MANUAL,HCI,28-Aug-2026,Bensin,0,KOTA JAMBI,0
RDO MANUAL,HCI,29-Aug-2026,Diesel,0,KOTA JAMBI,0
RDO MANUAL,HCI,29-Aug-2026,Bensin,0,KOTA JAMBI,0
RDO MANUAL,HCI,30-Aug-2026,Diesel,0,KOTA JAMBI,0
RDO MANUAL,HCI,30-Aug-2026,Bensin,0,KOTA JAMBI,0
RDO MANUAL,HCI,31-Aug-2026,Diesel,0,KOTA JAMBI,0
RDO MANUAL,HCI,31-Aug-2026,Bensin,0,KOTA JAMBI,0
RDO MANUAL,HCI,1-Sep-2026,Diesel,0,KOTA JAMBI,0
RDO MANUAL,HCI,1-Sep-2026,Bensin,0,KOTA JAMBI,0
